{

        "Channel": "Richard Roberts",
        "Videos": [
          {
          	"ContentId": "b001",
          	"MediaType": "Movie",
            "Title": "The Presence of God in Your Life",
            "Thumbnail": "https://d145s2saj2ao4v.cloudfront.net/thumbnail/the-presence.png",
            "Link": "http://commondatastorage.googleapis.com/gtv-videos-bucket/sample/BigBuckBunny.mp4"
          },
          {
          	"ContentId": "b002",
          	"MediaType": "Movie",
            "Title": "Tormented by Fear?",
            "Thumbnail": "https://d145s2saj2ao4v.cloudfront.net/thumbnail/fear.png",
            "Link": "http://commondatastorage.googleapis.com/gtv-videos-bucket/sample/ElephantsDream.mp4"
          },
          {
          	"ContentId": "b003",
          	"MediaType": "Movie",
            "Title": "What to do in Difficult Times",
            "Thumbnail": "https://d145s2saj2ao4v.cloudfront.net/thumbnail/what-to-do.png",
            "Link": "http://commondatastorage.googleapis.com/gtv-videos-bucket/sample/ForBiggerBlazes.mp4"
          },
            {
            "ContentId": "b004",
          	"MediaType": "Movie",
            "Title": "The Presence of God in Your Life",
            "Thumbnail": "https://d145s2saj2ao4v.cloudfront.net/thumbnail/the-presence.png",
            "Link": "http://commondatastorage.googleapis.com/gtv-videos-bucket/sample/BigBuckBunny.mp4"
          },
          {
          	"ContentId": "b005",
          	"MediaType": "Movie",
            "Title": "Tormented by Fear?",
            "Thumbnail": "https://d145s2saj2ao4v.cloudfront.net/thumbnail/fear.png",
            "Link": "http://commondatastorage.googleapis.com/gtv-videos-bucket/sample/ElephantsDream.mp4"
          },
          {
          	"ContentId": "b006",
          	"MediaType": "Movie",
            "Title": "What to do in Difficult Times",
            "Thumbnail": "https://d145s2saj2ao4v.cloudfront.net/thumbnail/what-to-do.png",
            "Link": "http://commondatastorage.googleapis.com/gtv-videos-bucket/sample/ForBiggerBlazes.mp4"
          },
           {
           	"ContentId": "b007",
          	"MediaType": "Movie",
            "Title": "The Presence of God in Your Life",
            "Thumbnail": "https://d145s2saj2ao4v.cloudfront.net/thumbnail/the-presence.png",
            "Link": "http://commondatastorage.googleapis.com/gtv-videos-bucket/sample/BigBuckBunny.mp4"
          },
          {
          	"ContentId": "b008",
          	"MediaType": "Movie",
            "Title": "Tormented by Fear?",
            "Thumbnail": "https://d145s2saj2ao4v.cloudfront.net/thumbnail/fear.png",
            "Link": "http://commondatastorage.googleapis.com/gtv-videos-bucket/sample/ElephantsDream.mp4"
          },
          {
          	"ContentId": "b009",
          	"MediaType": "Movie",
            "Title": "What to do in Difficult Times",
            "Thumbnail": "https://d145s2saj2ao4v.cloudfront.net/thumbnail/what-to-do.png",
            "Link": "http://commondatastorage.googleapis.com/gtv-videos-bucket/sample/ForBiggerBlazes.mp4"
          }
        ]

}

